{"count":1,"self":15136.8925184,"total":23862.8707072,"children":{"InitializeActuators":{"count":2833,"self":0.054152599999999995,"total":0.054152599999999995,"children":null},"InitializeSensors":{"count":2833,"self":0.0391932,"total":0.0391932,"children":null},"AgentSendState":{"count":3850914,"self":16.797292799999997,"total":90.7384484,"children":{"CollectObservations":{"count":3000091,"self":22.247027199999998,"total":22.2470273,"children":null},"WriteActionMask":{"count":3000091,"self":1.7618441999999999,"total":1.7618441999999999,"children":null},"RequestDecision":{"count":3000091,"self":11.2093504,"total":49.932284599999996,"children":{"AgentInfo.ToProto":{"count":3000091,"self":10.5847704,"total":38.722934599999995,"children":{"GenerateSensorData":{"count":3000091,"self":28.138163199999997,"total":28.1381639,"children":null}}}}}}},"DecideAction":{"count":3850914,"self":8123.2494591999994,"total":8123.2495051999995,"children":null},"AgentAct":{"count":3850914,"self":511.811328,"total":511.8113515,"children":null},"AgentInfo.ToProto":{"count":4025,"self":0.0302716,"total":0.0785226,"children":{"GenerateSensorData":{"count":4025,"self":0.048250999999999995,"total":0.048250999999999995,"children":null}}}},"gauges":{"NPC_SharedPolicy.CumulativeReward":{"count":1197,"max":121.659256,"min":43.5455666,"runningAverage":77.8299,"value":103.532387,"weightedAverage":91.22528}},"metadata":{"timer_format_version":"0.1.0","start_time_seconds":"1783077033","unity_version":"6000.3.3f1","command_line_arguments":"C:\\Program Files\\Unity\\Hub\\Editor\\6000.3.3f1\\Editor\\Unity.exe -projectpath D:\\TEMPORARY STORAGE\\MY_DOCUMENTS\\MY_REPOSITORY\\LLM_RL_NPC_F21MP -acceptSoftwareTermsForThisRunOnly -useHub -hubIPC -cloudEnvironment production","communication_protocol_version":"1.5.0","com.unity.ml-agents_version":"4.0.3","scene_name":"CombatArena","end_time_seconds":"1783100896"}}